-- phpMyAdmin SQL Dump
-- version 4.9.0.1
-- https://www.phpmyadmin.net/
--
-- Host: 127.0.0.1
-- Generation Time: Sep 02, 2019 at 01:21 PM
-- Server version: 10.3.16-MariaDB
-- PHP Version: 7.1.30

SET SQL_MODE = "NO_AUTO_VALUE_ON_ZERO";
SET AUTOCOMMIT = 0;
START TRANSACTION;
SET time_zone = "+00:00";


/*!40101 SET @OLD_CHARACTER_SET_CLIENT=@@CHARACTER_SET_CLIENT */;
/*!40101 SET @OLD_CHARACTER_SET_RESULTS=@@CHARACTER_SET_RESULTS */;
/*!40101 SET @OLD_COLLATION_CONNECTION=@@COLLATION_CONNECTION */;
/*!40101 SET NAMES utf8mb4 */;

--
-- Database: `vlog_management`
--

-- --------------------------------------------------------

--
-- Table structure for table `account`
--

CREATE TABLE `account` (
  `acc_id` int(4) NOT NULL,
  `acc_username` varchar(200) NOT NULL,
  `acc_email` varchar(200) NOT NULL,
  `acc_name` varchar(200) NOT NULL,
  `acc_lastname` varchar(50) NOT NULL,
  `acc_password` varchar(50) NOT NULL,
  `acc_img` varchar(200) NOT NULL,
  `acc_permission` int(11) NOT NULL,
  `acc_status` int(3) NOT NULL
) ENGINE=InnoDB DEFAULT CHARSET=utf8;

--
-- Dumping data for table `account`
--

INSERT INTO `account` (`acc_id`, `acc_username`, `acc_email`, `acc_name`, `acc_lastname`, `acc_password`, `acc_img`, `acc_permission`, `acc_status`) VALUES
(1, 'petch', 'tayanchon.k@gmail.com', 'ทยานชล', 'กลั่นเทศ', '22t18287', '201908080307322033597047.jpg', 1, 1),
(2, 'tor', 'tor@storyboard.com', 'ศรายุทธ ', 'คงสมบูรณ์', '1234', 'avatar.png', 1, 1),
(5, 'tuck', 'jirapha.pkp@gmail.com', 'จิรภา', 'ประกอบผล', '22t18287', 'WMNV3471.JPEG', 1, 1),
(6, 'Jiranan.grape', 'jiranan.k@gmail.com', 'Jiranan', 'Klanted', '22t18287', 'avatar.png', 0, 1),
(7, 'nut22', 'natthapong.w@gmail.com', 'ณัฐพงค์', 'วงศ์ศรี', '22t18287', '20190808015753108022884.jpg', 0, 1),
(11, 'petch.bc', 'petch@storyboard.com', 'Tayanchon', 'Klanted', '22t18287', '20190801022946762123353.jpg', 2, 1),
(12, 'petchd', 'ddddd@fdsfdf', 'ddd', 'dddd', '22t18287', 'avatar.png', 2, 1),
(13, 'Rpure', 'test@test.com', 'tayanchon', 'klanted', '22t18287', 'avatar.png', 2, 1);

-- --------------------------------------------------------

--
-- Table structure for table `board_comments`
--

CREATE TABLE `board_comments` (
  `bc_id` int(3) NOT NULL,
  `pjt_id` int(3) NOT NULL,
  `acc_id` int(3) NOT NULL,
  `bc_detail` text NOT NULL,
  `bc_files` varchar(100) NOT NULL,
  `bc_datetime` datetime NOT NULL,
  `bc_status` varchar(1) NOT NULL
) ENGINE=InnoDB DEFAULT CHARSET=utf8;

--
-- Dumping data for table `board_comments`
--

INSERT INTO `board_comments` (`bc_id`, `pjt_id`, `acc_id`, `bc_detail`, `bc_files`, `bc_datetime`, `bc_status`) VALUES
(33, 38, 13, 'ddd', '0', '2019-07-24 17:22:18', 'D'),
(34, 38, 13, 'ccc', '0', '2019-07-24 17:27:09', 'D'),
(35, 38, 13, 'sdfdsfdsf', '0', '2019-07-24 17:41:04', 'N'),
(36, 38, 7, 'dsfdsfd', '0', '2019-07-24 17:41:18', 'N'),
(37, 38, 5, 'ssss', '0', '2019-07-24 17:41:49', 'N'),
(38, 38, 5, 'add item', '20190724054413832609254.zip', '2019-07-24 17:44:13', 'N'),
(39, 38, 5, 'xxxx', '20190724054455691289416.zip', '2019-07-24 17:44:55', 'N'),
(40, 38, 5, 'sss', '0', '2019-07-24 17:44:58', 'N'),
(41, 38, 5, 'hghjghjghjghj', '0', '2019-07-24 17:51:40', 'N'),
(42, 38, 13, 'ss', '20190725093158147636155.pdf', '2019-07-25 09:31:58', 'D'),
(46, 38, 13, 'fdfdf', '0', '2019-07-25 14:31:12', 'D'),
(47, 38, 13, 'aaa', '0', '2019-07-25 14:31:34', 'D'),
(48, 38, 13, 'ssssssssss', '201907250233141500618360.pdf', '2019-07-25 14:33:14', 'D'),
(49, 38, 13, 'dfdfdf', '0', '2019-07-25 14:38:42', 'D'),
(50, 38, 13, 's', '0', '2019-07-25 14:38:52', 'D'),
(51, 38, 13, 'xxx', '20190725023924612785856.pdf', '2019-07-25 14:39:24', 'D'),
(52, 38, 13, 'ssssssss', '0', '2019-07-25 14:40:04', 'D'),
(53, 38, 13, 'lllllllllllllllll', '0', '2019-07-26 11:48:31', 'N'),
(54, 34, 7, 'พพพพ', '0', '2019-07-31 11:06:54', 'N'),
(55, 34, 7, 'aaaaaaaaa', '0', '2019-07-31 11:44:34', 'N'),
(56, 34, 7, 'xxx', '201907311145051683812311.zip', '2019-07-31 11:45:05', 'N'),
(57, 35, 7, 'fffffff', '0', '2019-07-31 11:54:26', 'N'),
(58, 35, 7, 'zzzzz', '0', '2019-07-31 11:54:33', 'N'),
(59, 36, 7, 'bgbgbbgb', '0', '2019-08-01 14:16:34', 'N'),
(60, 36, 7, 'bgbgbbgb', '0', '2019-08-01 14:16:44', 'D'),
(62, 103, 1, 'vvvvv', '0', '2019-08-06 11:56:50', 'N'),
(63, 103, 1, 'fffff', '20190806115705813211161.zip', '2019-08-06 11:57:05', 'N'),
(64, 103, 2, 'ccc', '0', '2019-08-09 10:45:13', 'N'),
(65, 103, 7, 'dvfdv', '0', '2019-08-13 10:32:10', 'N'),
(66, 103, 7, 'zxczxczx', '0', '2019-08-13 13:23:18', 'N'),
(67, 103, 13, '5', '201908130315541490640798.pdf', '2019-08-13 15:15:54', 'N'),
(68, 103, 7, 'dsfdsfdsf', '0', '2019-08-19 17:29:55', 'N'),
(69, 103, 7, 'ddd', '201908190530071197750682.jpg', '2019-08-19 17:30:07', 'N');

-- --------------------------------------------------------

--
-- Table structure for table `logfile`
--

CREATE TABLE `logfile` (
  `logfile_id` int(3) NOT NULL,
  `user` int(3) NOT NULL,
  `activity` varchar(200) NOT NULL,
  `time` datetime NOT NULL
) ENGINE=InnoDB DEFAULT CHARSET=utf8;

--
-- Dumping data for table `logfile`
--

INSERT INTO `logfile` (`logfile_id`, `user`, `activity`, `time`) VALUES
(1, 1, 'เข้าสู่ระบบ', '2019-06-25 11:59:40'),
(2, 1, 'เข้าสู่ระบบ', '2019-06-25 11:59:40'),
(3, 1, 'เข้าสู่ระบบ', '2019-06-25 12:00:18'),
(4, 1, 'เข้าสู่ระบบ', '2019-06-25 12:59:54'),
(5, 1, 'เข้าสู่ระบบ', '2019-06-25 13:09:58'),
(6, 1, 'เข้าสู่ระบบ', '2019-06-25 13:15:09'),
(7, 1, 'เข้าสู่ระบบ', '2019-06-25 13:17:18'),
(8, 1, 'ออกจากระบบ', '2019-06-25 13:21:32'),
(9, 1, 'เข้าสู่ระบบ', '2019-06-25 13:21:43'),
(10, 1, 'เข้าสู่ระบบ', '2019-06-25 15:35:28'),
(11, 1, 'ออกจากระบบ', '2019-06-25 15:46:07'),
(12, 1, 'เข้าสู่ระบบ', '2019-06-25 15:46:16'),
(13, 1, 'ออกจากระบบ', '2019-06-26 09:20:43'),
(14, 1, 'เข้าสู่ระบบ', '2019-06-26 09:59:45'),
(15, 1, 'เข้าสู่ระบบ', '2019-06-26 14:41:59'),
(16, 1, 'ออกจากระบบ', '2019-06-26 14:59:04'),
(17, 1, 'เข้าสู่ระบบ', '2019-06-26 15:02:01'),
(18, 1, 'ออกจากระบบ', '2019-06-26 15:02:04'),
(19, 1, 'เข้าสู่ระบบ', '2019-06-26 15:14:48'),
(20, 1, 'ออกจากระบบ', '2019-06-27 09:16:33'),
(21, 1, 'เข้าสู่ระบบ', '2019-06-27 09:25:56'),
(22, 1, 'ออกจากระบบ', '2019-06-27 09:43:03'),
(23, 1, 'เข้าสู่ระบบ', '2019-06-27 09:44:03'),
(24, 1, 'เข้าสู่ระบบ', '2019-06-27 13:41:42'),
(25, 1, 'ออกจากระบบ', '2019-06-27 15:34:42'),
(26, 2, 'เข้าสู่ระบบ', '2019-06-27 15:34:51'),
(27, 1, 'เข้าสู่ระบบ', '2019-06-28 09:36:48'),
(28, 1, 'เข้าสู่ระบบ', '2019-07-01 09:24:50'),
(29, 1, 'เข้าสู่ระบบ', '2019-07-02 10:10:33'),
(30, 1, 'เข้าสู่ระบบ', '2019-07-02 17:51:13'),
(31, 1, 'เข้าสู่ระบบ', '2019-07-03 09:22:14'),
(32, 1, 'เข้าสู่ระบบ', '2019-07-03 10:00:17'),
(33, 1, 'เข้าสู่ระบบ', '2019-07-04 09:31:31'),
(34, 1, 'เข้าสู่ระบบ', '2019-07-05 09:22:59'),
(35, 1, 'เข้าสู่ระบบ', '2019-07-17 10:18:18'),
(36, 1, 'ออกจากระบบ', '2019-07-17 17:47:39'),
(37, 6, 'เข้าสู่ระบบ', '2019-07-17 17:47:48'),
(38, 6, 'เข้าสู่ระบบ', '2019-07-17 17:48:28'),
(39, 6, 'ออกจากระบบ', '2019-07-17 17:48:33'),
(40, 6, 'เข้าสู่ระบบ', '2019-07-17 17:48:42'),
(41, 6, 'ออกจากระบบ', '2019-07-17 17:49:07'),
(42, 6, 'เข้าสู่ระบบ', '2019-07-17 17:49:12'),
(43, 6, 'ออกจากระบบ', '2019-07-17 17:50:13'),
(44, 7, 'เข้าสู่ระบบ', '2019-07-17 17:50:32'),
(45, 7, 'ออกจากระบบ', '2019-07-17 17:53:09'),
(46, 7, 'เข้าสู่ระบบ', '2019-07-17 17:53:15'),
(47, 7, 'ออกจากระบบ', '2019-07-17 17:54:03'),
(48, 7, 'เข้าสู่ระบบ', '2019-07-17 17:54:09'),
(49, 7, 'ออกจากระบบ', '2019-07-17 17:54:48'),
(50, 7, 'เข้าสู่ระบบ', '2019-07-17 17:54:59'),
(51, 7, 'ออกจากระบบ', '2019-07-17 17:55:06'),
(52, 1, 'เข้าสู่ระบบ', '2019-07-17 17:55:10'),
(53, 1, 'ออกจากระบบ', '2019-07-17 17:55:17'),
(54, 7, 'เข้าสู่ระบบ', '2019-07-17 17:55:47'),
(55, 7, 'ออกจากระบบ', '2019-07-17 17:57:53'),
(56, 1, 'เข้าสู่ระบบ', '2019-07-17 17:57:57'),
(57, 1, 'ออกจากระบบ', '2019-07-17 17:57:59'),
(58, 7, 'เข้าสู่ระบบ', '2019-07-17 17:58:05'),
(59, 7, 'ออกจากระบบ', '2019-07-17 18:00:09'),
(60, 2, 'เข้าสู่ระบบ', '2019-07-17 18:00:23'),
(61, 2, 'ออกจากระบบ', '2019-07-17 18:00:28'),
(62, 1, 'เข้าสู่ระบบ', '2019-07-17 18:00:33'),
(63, 1, 'ออกจากระบบ', '2019-07-17 18:00:42'),
(64, 7, 'เข้าสู่ระบบ', '2019-07-17 18:00:48'),
(65, 7, 'เข้าสู่ระบบ', '2019-07-18 09:10:42'),
(66, 1, 'เข้าสู่ระบบ', '2019-07-18 10:26:28'),
(67, 7, 'เข้าสู่ระบบ', '2019-07-18 10:43:12'),
(68, 1, 'เข้าสู่ระบบ', '2019-07-18 11:30:28'),
(69, 1, 'เข้าสู่ระบบ', '2019-07-18 11:32:47'),
(70, 1, 'เข้าสู่ระบบ', '2019-07-18 11:33:21'),
(71, 1, 'ออกจากระบบ', '2019-07-18 12:42:43'),
(72, 7, 'เข้าสู่ระบบ', '2019-07-18 12:42:47'),
(73, 7, 'เข้าสู่ระบบ', '2019-07-18 12:43:04'),
(74, 7, 'เข้าสู่ระบบ', '2019-07-18 12:43:31'),
(75, 7, 'เข้าสู่ระบบ', '2019-07-18 12:43:31'),
(76, 7, 'เข้าสู่ระบบ', '2019-07-18 13:10:29'),
(77, 1, 'เข้าสู่ระบบ', '2019-07-18 13:15:53'),
(78, 1, 'ออกจากระบบ', '2019-07-18 13:27:29'),
(79, 7, 'เข้าสู่ระบบ', '2019-07-18 13:27:36'),
(80, 7, 'เข้าสู่ระบบ', '2019-07-18 13:27:39'),
(81, 7, 'ออกจากระบบ', '2019-07-18 13:27:45'),
(82, 7, 'เข้าสู่ระบบ', '2019-07-18 13:28:50'),
(83, 7, 'ออกจากระบบ', '2019-07-18 13:28:54'),
(84, 1, 'เข้าสู่ระบบ', '2019-07-18 13:28:59'),
(85, 1, 'ออกจากระบบ', '2019-07-18 13:29:25'),
(86, 1, 'เข้าสู่ระบบ', '2019-07-18 13:29:27'),
(87, 1, 'ออกจากระบบ', '2019-07-18 13:29:31'),
(88, 7, 'เข้าสู่ระบบ', '2019-07-18 13:29:35'),
(89, 7, 'ออกจากระบบ', '2019-07-18 16:12:32'),
(90, 6, 'เข้าสู่ระบบ', '2019-07-18 16:12:35'),
(91, 6, 'ออกจากระบบ', '2019-07-18 16:12:48'),
(92, 6, 'เข้าสู่ระบบ', '2019-07-18 16:12:50'),
(93, 6, 'ออกจากระบบ', '2019-07-18 16:13:00'),
(94, 11, 'เข้าสู่ระบบ', '2019-07-18 16:13:03'),
(95, 11, 'ออกจากระบบ', '2019-07-18 16:37:55'),
(96, 7, 'เข้าสู่ระบบ', '2019-07-18 16:37:58'),
(97, 7, 'ออกจากระบบ', '2019-07-18 16:46:02'),
(98, 7, 'เข้าสู่ระบบ', '2019-07-18 16:46:04'),
(99, 7, 'ออกจากระบบ', '2019-07-18 16:47:22'),
(100, 1, 'เข้าสู่ระบบ', '2019-07-18 16:47:26'),
(101, 1, 'ออกจากระบบ', '2019-07-18 16:47:30'),
(102, 13, 'เข้าสู่ระบบ', '2019-07-18 16:47:40'),
(103, 13, 'ออกจากระบบ', '2019-07-18 16:47:44'),
(104, 7, 'เข้าสู่ระบบ', '2019-07-18 16:47:46'),
(105, 7, 'เข้าสู่ระบบ', '2019-07-18 17:11:17'),
(106, 7, 'เข้าสู่ระบบ', '2019-07-19 09:28:30'),
(107, 7, 'ออกจากระบบ', '2019-07-19 10:01:01'),
(108, 11, 'เข้าสู่ระบบ', '2019-07-19 10:01:15'),
(109, 11, 'เข้าสู่ระบบ', '2019-07-22 09:17:51'),
(110, 11, 'ออกจากระบบ', '2019-07-22 09:19:34'),
(111, 1, 'เข้าสู่ระบบ', '2019-07-22 09:19:48'),
(112, 1, 'ออกจากระบบ', '2019-07-22 09:22:58'),
(113, 7, 'เข้าสู่ระบบ', '2019-07-22 09:23:01'),
(114, 7, 'ออกจากระบบ', '2019-07-22 11:05:47'),
(115, 1, 'เข้าสู่ระบบ', '2019-07-22 11:06:02'),
(116, 1, 'ออกจากระบบ', '2019-07-22 11:07:13'),
(117, 13, 'เข้าสู่ระบบ', '2019-07-22 11:07:19'),
(118, 13, 'ออกจากระบบ', '2019-07-22 14:41:56'),
(119, 13, 'เข้าสู่ระบบ', '2019-07-22 14:42:02'),
(120, 13, 'ออกจากระบบ', '2019-07-22 14:45:26'),
(121, 13, 'เข้าสู่ระบบ', '2019-07-22 15:03:23'),
(122, 13, 'ออกจากระบบ', '2019-07-22 15:03:26'),
(123, 1, 'เข้าสู่ระบบ', '2019-07-22 15:03:32'),
(124, 1, 'ออกจากระบบ', '2019-07-22 15:03:40'),
(125, 7, 'เข้าสู่ระบบ', '2019-07-22 15:03:44'),
(126, 7, 'เข้าสู่ระบบ', '2019-07-24 09:15:55'),
(127, 7, 'ออกจากระบบ', '2019-07-24 09:18:28'),
(128, 1, 'เข้าสู่ระบบ', '2019-07-24 09:18:32'),
(129, 1, 'ออกจากระบบ', '2019-07-24 09:18:39'),
(130, 11, 'เข้าสู่ระบบ', '2019-07-24 09:19:00'),
(131, 11, 'ออกจากระบบ', '2019-07-24 09:41:03'),
(132, 7, 'เข้าสู่ระบบ', '2019-07-24 09:41:06'),
(133, 7, 'ออกจากระบบ', '2019-07-24 09:53:39'),
(134, 13, 'เข้าสู่ระบบ', '2019-07-24 09:53:42'),
(135, 13, 'ออกจากระบบ', '2019-07-24 10:40:41'),
(136, 7, 'เข้าสู่ระบบ', '2019-07-24 10:40:44'),
(137, 7, 'ออกจากระบบ', '2019-07-24 10:40:48'),
(138, 13, 'เข้าสู่ระบบ', '2019-07-24 10:40:50'),
(139, 13, 'เข้าสู่ระบบ', '2019-07-24 10:41:09'),
(140, 13, 'ออกจากระบบ', '2019-07-24 17:40:53'),
(141, 13, 'เข้าสู่ระบบ', '2019-07-24 17:40:56'),
(142, 13, 'ออกจากระบบ', '2019-07-24 17:41:10'),
(143, 7, 'เข้าสู่ระบบ', '2019-07-24 17:41:14'),
(144, 7, 'ออกจากระบบ', '2019-07-24 17:41:34'),
(145, 5, 'เข้าสู่ระบบ', '2019-07-24 17:41:44'),
(146, 13, 'เข้าสู่ระบบ', '2019-07-24 18:14:06'),
(147, 13, 'เข้าสู่ระบบ', '2019-07-25 09:19:49'),
(148, 13, 'ออกจากระบบ', '2019-07-25 09:46:37'),
(149, 13, 'เข้าสู่ระบบ', '2019-07-25 09:46:42'),
(150, 13, 'ออกจากระบบ', '2019-07-25 14:50:55'),
(151, 1, 'เข้าสู่ระบบ', '2019-07-25 14:50:59'),
(152, 1, 'ออกจากระบบ', '2019-07-25 15:51:36'),
(153, 13, 'เข้าสู่ระบบ', '2019-07-25 15:51:39'),
(154, 13, 'เข้าสู่ระบบ', '2019-07-26 09:26:21'),
(155, 13, 'ออกจากระบบ', '2019-07-26 09:53:18'),
(156, 1, 'เข้าสู่ระบบ', '2019-07-26 09:53:21'),
(157, 1, 'ออกจากระบบ', '2019-07-26 10:04:43'),
(158, 7, 'เข้าสู่ระบบ', '2019-07-26 10:04:46'),
(159, 7, 'ออกจากระบบ', '2019-07-26 10:04:56'),
(160, 1, 'เข้าสู่ระบบ', '2019-07-26 10:04:58'),
(161, 1, 'ออกจากระบบ', '2019-07-26 11:44:17'),
(162, 7, 'เข้าสู่ระบบ', '2019-07-26 11:44:20'),
(163, 7, 'ออกจากระบบ', '2019-07-26 11:44:28'),
(164, 13, 'เข้าสู่ระบบ', '2019-07-26 11:44:30'),
(165, 13, 'เข้าสู่ระบบ', '2019-07-26 17:26:57'),
(166, 13, 'เข้าสู่ระบบ', '2019-07-26 17:27:24'),
(167, 13, 'ออกจากระบบ', '2019-07-26 17:28:17'),
(168, 11, 'เข้าสู่ระบบ', '2019-07-26 17:28:43'),
(169, 11, 'ออกจากระบบ', '2019-07-26 17:30:29'),
(170, 7, 'เข้าสู่ระบบ', '2019-07-26 17:30:31'),
(171, 7, 'ออกจากระบบ', '2019-07-26 17:30:50'),
(172, 5, 'เข้าสู่ระบบ', '2019-07-26 17:30:53'),
(173, 5, 'ออกจากระบบ', '2019-07-26 17:31:07'),
(174, 7, 'เข้าสู่ระบบ', '2019-07-26 17:31:09'),
(175, 13, 'ออกจากระบบ', '2019-07-26 17:34:24'),
(176, 7, 'เข้าสู่ระบบ', '2019-07-26 17:34:27'),
(177, 7, 'ออกจากระบบ', '2019-07-26 17:41:39'),
(178, 5, 'เข้าสู่ระบบ', '2019-07-26 17:41:42'),
(179, 7, 'เข้าสู่ระบบ', '2019-07-30 09:11:49'),
(180, 7, 'ออกจากระบบ', '2019-07-30 09:12:10'),
(181, 13, 'เข้าสู่ระบบ', '2019-07-30 09:12:14'),
(182, 13, 'ออกจากระบบ', '2019-07-30 09:56:04'),
(183, 7, 'เข้าสู่ระบบ', '2019-07-30 09:56:07'),
(184, 7, 'ออกจากระบบ', '2019-07-30 10:05:56'),
(185, 13, 'เข้าสู่ระบบ', '2019-07-30 10:05:58'),
(186, 13, 'ออกจากระบบ', '2019-07-30 10:06:03'),
(187, 7, 'เข้าสู่ระบบ', '2019-07-30 10:06:06'),
(188, 7, 'ออกจากระบบ', '2019-07-30 10:13:22'),
(189, 13, 'เข้าสู่ระบบ', '2019-07-30 10:13:25'),
(190, 13, 'ออกจากระบบ', '2019-07-30 12:58:14'),
(191, 7, 'เข้าสู่ระบบ', '2019-07-30 12:58:17'),
(192, 7, 'ออกจากระบบ', '2019-07-30 13:01:19'),
(193, 13, 'เข้าสู่ระบบ', '2019-07-30 13:01:21'),
(194, 13, 'ออกจากระบบ', '2019-07-30 13:29:35'),
(195, 7, 'เข้าสู่ระบบ', '2019-07-30 13:29:38'),
(196, 7, 'เข้าสู่ระบบ', '2019-07-31 09:35:12'),
(197, 7, 'ออกจากระบบ', '2019-07-31 16:39:12'),
(198, 13, 'เข้าสู่ระบบ', '2019-07-31 16:39:14'),
(199, 13, 'ออกจากระบบ', '2019-07-31 16:39:31'),
(200, 13, 'เข้าสู่ระบบ', '2019-07-31 16:39:35'),
(201, 7, 'เข้าสู่ระบบ', '2019-08-01 09:32:43'),
(202, 7, 'ออกจากระบบ', '2019-08-01 11:44:27'),
(203, 7, 'เข้าสู่ระบบ', '2019-08-01 11:44:28'),
(204, 7, 'ออกจากระบบ', '2019-08-01 14:28:38'),
(205, 11, 'เข้าสู่ระบบ', '2019-08-01 14:28:43'),
(206, 11, 'ออกจากระบบ', '2019-08-01 14:32:39'),
(207, 7, 'เข้าสู่ระบบ', '2019-08-01 14:32:41'),
(208, 7, 'ออกจากระบบ', '2019-08-01 14:34:39'),
(209, 11, 'เข้าสู่ระบบ', '2019-08-01 14:34:41'),
(210, 11, 'ออกจากระบบ', '2019-08-01 14:34:50'),
(211, 11, 'เข้าสู่ระบบ', '2019-08-01 14:34:53'),
(212, 11, 'ออกจากระบบ', '2019-08-01 14:34:57'),
(213, 1, 'เข้าสู่ระบบ', '2019-08-01 14:35:10'),
(214, 1, 'ออกจากระบบ', '2019-08-01 14:41:38'),
(215, 7, 'เข้าสู่ระบบ', '2019-08-01 14:41:40'),
(216, 7, 'เข้าสู่ระบบ', '2019-08-05 09:37:29'),
(217, 7, 'เข้าสู่ระบบ', '2019-08-06 09:36:29'),
(218, 7, 'ออกจากระบบ', '2019-08-06 11:23:42'),
(219, 13, 'เข้าสู่ระบบ', '2019-08-06 11:23:44'),
(220, 13, 'ออกจากระบบ', '2019-08-06 11:24:06'),
(221, 7, 'เข้าสู่ระบบ', '2019-08-06 11:24:09'),
(222, 7, 'ออกจากระบบ', '2019-08-06 11:56:29'),
(223, 1, 'เข้าสู่ระบบ', '2019-08-06 11:56:33'),
(224, 1, 'ออกจากระบบ', '2019-08-06 12:00:37'),
(225, 13, 'เข้าสู่ระบบ', '2019-08-06 12:00:42'),
(226, 13, 'ออกจากระบบ', '2019-08-06 12:00:51'),
(227, 7, 'เข้าสู่ระบบ', '2019-08-06 12:00:54'),
(228, 7, 'ออกจากระบบ', '2019-08-06 17:26:08'),
(229, 1, 'เข้าสู่ระบบ', '2019-08-06 17:26:11'),
(230, 1, 'ออกจากระบบ', '2019-08-06 17:51:48'),
(231, 7, 'เข้าสู่ระบบ', '2019-08-06 17:51:52'),
(232, 7, 'เข้าสู่ระบบ', '2019-08-07 09:27:42'),
(233, 7, 'เข้าสู่ระบบ', '2019-08-08 09:26:41'),
(234, 7, 'ออกจากระบบ', '2019-08-08 13:49:07'),
(235, 6, 'เข้าสู่ระบบ', '2019-08-08 13:49:10'),
(236, 6, 'ออกจากระบบ', '2019-08-08 13:49:20'),
(237, 7, 'เข้าสู่ระบบ', '2019-08-08 13:49:22'),
(238, 7, 'ออกจากระบบ', '2019-08-08 16:14:58'),
(239, 2, 'เข้าสู่ระบบ', '2019-08-08 16:15:12'),
(240, 2, 'เข้าสู่ระบบ', '2019-08-09 09:27:33'),
(241, 2, 'ออกจากระบบ', '2019-08-09 10:11:18'),
(242, 7, 'เข้าสู่ระบบ', '2019-08-09 10:11:21'),
(243, 7, 'ออกจากระบบ', '2019-08-09 10:11:41'),
(244, 2, 'เข้าสู่ระบบ', '2019-08-09 10:11:45'),
(245, 2, 'ออกจากระบบ', '2019-08-09 10:50:30'),
(246, 7, 'เข้าสู่ระบบ', '2019-08-09 10:50:33'),
(247, 7, 'ออกจากระบบ', '2019-08-09 11:17:24'),
(248, 13, 'เข้าสู่ระบบ', '2019-08-09 11:17:26'),
(249, 13, 'ออกจากระบบ', '2019-08-09 11:17:30'),
(250, 2, 'เข้าสู่ระบบ', '2019-08-09 11:17:34'),
(251, 2, 'ออกจากระบบ', '2019-08-09 11:17:46'),
(252, 7, 'เข้าสู่ระบบ', '2019-08-09 11:17:49'),
(253, 7, 'ออกจากระบบ', '2019-08-09 12:58:23'),
(254, 1, 'เข้าสู่ระบบ', '2019-08-09 12:58:27'),
(255, 1, 'ออกจากระบบ', '2019-08-09 12:58:59'),
(256, 7, 'เข้าสู่ระบบ', '2019-08-09 12:59:02'),
(257, 7, 'เข้าสู่ระบบ', '2019-08-09 13:53:12'),
(258, 7, 'ออกจากระบบ', '2019-08-09 14:28:12'),
(259, 13, 'เข้าสู่ระบบ', '2019-08-09 14:28:15'),
(260, 13, 'ออกจากระบบ', '2019-08-09 14:28:17'),
(261, 1, 'เข้าสู่ระบบ', '2019-08-09 14:28:20'),
(262, 1, 'ออกจากระบบ', '2019-08-09 15:13:01'),
(263, 7, 'เข้าสู่ระบบ', '2019-08-09 15:13:06'),
(264, 7, 'เข้าสู่ระบบ', '2019-08-13 10:31:50'),
(265, 7, 'ออกจากระบบ', '2019-08-13 11:58:45'),
(266, 11, 'เข้าสู่ระบบ', '2019-08-13 11:58:50'),
(267, 11, 'ออกจากระบบ', '2019-08-13 11:58:54'),
(268, 7, 'เข้าสู่ระบบ', '2019-08-13 11:58:57'),
(269, 7, 'ออกจากระบบ', '2019-08-13 11:59:33'),
(270, 11, 'เข้าสู่ระบบ', '2019-08-13 11:59:35'),
(271, 11, 'ออกจากระบบ', '2019-08-13 11:59:50'),
(272, 13, 'เข้าสู่ระบบ', '2019-08-13 11:59:52'),
(273, 13, 'ออกจากระบบ', '2019-08-13 12:18:56'),
(274, 7, 'เข้าสู่ระบบ', '2019-08-13 12:18:58'),
(275, 7, 'ออกจากระบบ', '2019-08-13 12:20:26'),
(276, 13, 'เข้าสู่ระบบ', '2019-08-13 12:20:28'),
(277, 13, 'ออกจากระบบ', '2019-08-13 12:20:31'),
(278, 7, 'เข้าสู่ระบบ', '2019-08-13 12:20:33'),
(279, 7, 'ออกจากระบบ', '2019-08-13 12:24:58'),
(280, 1, 'เข้าสู่ระบบ', '2019-08-13 12:25:01'),
(281, 1, 'ออกจากระบบ', '2019-08-13 12:25:04'),
(282, 13, 'เข้าสู่ระบบ', '2019-08-13 12:25:06'),
(283, 13, 'ออกจากระบบ', '2019-08-13 12:37:58'),
(284, 7, 'เข้าสู่ระบบ', '2019-08-13 12:38:01'),
(285, 7, 'ออกจากระบบ', '2019-08-13 12:38:03'),
(286, 11, 'เข้าสู่ระบบ', '2019-08-13 12:38:26'),
(287, 11, 'ออกจากระบบ', '2019-08-13 12:38:29'),
(288, 13, 'เข้าสู่ระบบ', '2019-08-13 12:38:30'),
(289, 7, 'เข้าสู่ระบบ', '2019-08-13 13:23:08'),
(290, 7, 'ออกจากระบบ', '2019-08-13 13:23:48'),
(291, 13, 'เข้าสู่ระบบ', '2019-08-13 13:23:50'),
(292, 13, 'ออกจากระบบ', '2019-08-13 13:47:06'),
(293, 7, 'เข้าสู่ระบบ', '2019-08-13 13:47:08'),
(294, 7, 'ออกจากระบบ', '2019-08-13 13:47:30'),
(295, 13, 'เข้าสู่ระบบ', '2019-08-13 13:47:34'),
(296, 13, 'ออกจากระบบ', '2019-08-13 13:47:39'),
(297, 7, 'เข้าสู่ระบบ', '2019-08-13 13:47:41'),
(298, 7, 'ออกจากระบบ', '2019-08-13 13:47:54'),
(299, 13, 'เข้าสู่ระบบ', '2019-08-13 13:47:56'),
(300, 7, 'เข้าสู่ระบบ', '2019-08-13 14:23:40'),
(301, 13, 'ออกจากระบบ', '2019-08-13 14:30:57'),
(302, 2, 'เข้าสู่ระบบ', '2019-08-13 14:31:10'),
(303, 2, 'ออกจากระบบ', '2019-08-13 14:31:38'),
(304, 7, 'เข้าสู่ระบบ', '2019-08-13 14:31:40'),
(305, 7, 'ออกจากระบบ', '2019-08-13 14:32:07'),
(306, 13, 'เข้าสู่ระบบ', '2019-08-13 14:32:10'),
(307, 13, 'ออกจากระบบ', '2019-08-13 14:32:20'),
(308, 12, 'เข้าสู่ระบบ', '2019-08-13 14:32:28'),
(309, 12, 'ออกจากระบบ', '2019-08-13 14:32:33'),
(310, 13, 'เข้าสู่ระบบ', '2019-08-13 14:32:38'),
(311, 13, 'เข้าสู่ระบบ', '2019-08-14 09:31:27'),
(312, 13, 'ออกจากระบบ', '2019-08-14 09:41:37'),
(313, 7, 'เข้าสู่ระบบ', '2019-08-14 09:41:40'),
(314, 7, 'ออกจากระบบ', '2019-08-14 09:41:54'),
(315, 13, 'เข้าสู่ระบบ', '2019-08-14 09:41:56'),
(316, 13, 'ออกจากระบบ', '2019-08-14 15:38:28'),
(317, 7, 'เข้าสู่ระบบ', '2019-08-14 15:38:31'),
(318, 7, 'เข้าสู่ระบบ', '2019-08-19 15:27:08'),
(319, 7, 'ออกจากระบบ', '2019-08-19 17:31:32'),
(320, 13, 'เข้าสู่ระบบ', '2019-08-19 17:31:34'),
(321, 13, 'เข้าสู่ระบบ', '2019-08-20 09:22:30'),
(322, 13, 'ออกจากระบบ', '2019-08-20 09:22:37'),
(323, 7, 'เข้าสู่ระบบ', '2019-08-20 09:22:41'),
(324, 7, 'เข้าสู่ระบบ', '2019-08-22 10:06:18'),
(325, 7, 'ออกจากระบบ', '2019-08-22 15:55:24'),
(326, 13, 'เข้าสู่ระบบ', '2019-08-22 15:55:27'),
(327, 13, 'ออกจากระบบ', '2019-08-22 16:06:52'),
(328, 7, 'เข้าสู่ระบบ', '2019-08-22 16:06:55'),
(329, 7, 'ออกจากระบบ', '2019-08-22 16:12:46'),
(330, 7, 'เข้าสู่ระบบ', '2019-08-22 16:12:48'),
(331, 7, 'เข้าสู่ระบบ', '2019-08-23 13:14:48'),
(332, 7, 'เข้าสู่ระบบ', '2019-08-23 13:16:48'),
(333, 7, 'เข้าสู่ระบบ', '2019-08-26 09:21:12'),
(334, 7, 'ออกจากระบบ', '2019-08-26 13:57:22'),
(335, 13, 'เข้าสู่ระบบ', '2019-08-26 13:57:25'),
(336, 13, 'ออกจากระบบ', '2019-08-26 14:49:16'),
(337, 1, 'เข้าสู่ระบบ', '2019-08-26 14:49:19'),
(338, 1, 'ออกจากระบบ', '2019-08-26 14:49:30'),
(339, 7, 'เข้าสู่ระบบ', '2019-08-26 14:49:33'),
(340, 7, 'เข้าสู่ระบบ', '2019-08-27 09:17:01'),
(341, 7, 'เข้าสู่ระบบ', '2019-08-27 17:50:32'),
(342, 7, 'เข้าสู่ระบบ', '2019-08-28 09:23:41'),
(343, 7, 'ออกจากระบบ', '2019-08-28 14:18:43'),
(344, 13, 'เข้าสู่ระบบ', '2019-08-28 14:18:46'),
(345, 13, 'ออกจากระบบ', '2019-08-28 14:18:52'),
(346, 7, 'เข้าสู่ระบบ', '2019-08-28 14:18:55'),
(347, 7, 'ออกจากระบบ', '2019-08-28 14:22:31'),
(348, 6, 'เข้าสู่ระบบ', '2019-08-28 14:22:35'),
(349, 6, 'ออกจากระบบ', '2019-08-28 14:38:20'),
(350, 7, 'เข้าสู่ระบบ', '2019-08-28 14:38:22'),
(351, 7, 'ออกจากระบบ', '2019-08-28 14:47:45'),
(352, 5, 'เข้าสู่ระบบ', '2019-08-28 14:47:51'),
(353, 5, 'ออกจากระบบ', '2019-08-28 14:47:57'),
(354, 7, 'เข้าสู่ระบบ', '2019-08-28 14:47:59'),
(355, 7, 'เข้าสู่ระบบ', '2019-08-29 09:25:38'),
(356, 7, 'เข้าสู่ระบบ', '2019-08-29 11:03:04'),
(357, 7, 'เข้าสู่ระบบ', '2019-08-30 09:25:07'),
(358, 7, 'เข้าสู่ระบบ', '2019-09-02 09:26:00'),
(359, 13, 'เข้าสู่ระบบ', '2019-09-02 11:56:53'),
(360, 13, 'เข้าสู่ระบบ', '2019-09-02 11:58:27'),
(361, 13, 'ออกจากระบบ', '2019-09-02 12:39:27'),
(362, 5, 'เข้าสู่ระบบ', '2019-09-02 12:39:34'),
(363, 5, 'ออกจากระบบ', '2019-09-02 12:39:40'),
(364, 12, 'เข้าสู่ระบบ', '2019-09-02 12:40:25'),
(365, 12, 'ออกจากระบบ', '2019-09-02 12:41:57'),
(366, 13, 'เข้าสู่ระบบ', '2019-09-02 12:42:01'),
(367, 7, 'ออกจากระบบ', '2019-09-02 13:39:22'),
(368, 13, 'เข้าสู่ระบบ', '2019-09-02 13:39:26'),
(369, 13, 'ออกจากระบบ', '2019-09-02 13:49:35'),
(370, 7, 'เข้าสู่ระบบ', '2019-09-02 13:49:38'),
(371, 7, 'ออกจากระบบ', '2019-09-02 14:27:50'),
(372, 13, 'เข้าสู่ระบบ', '2019-09-02 14:27:55'),
(373, 13, 'ออกจากระบบ', '2019-09-02 16:35:52'),
(374, 7, 'เข้าสู่ระบบ', '2019-09-02 16:35:55');

-- --------------------------------------------------------

--
-- Table structure for table `permission`
--

CREATE TABLE `permission` (
  `id` int(3) NOT NULL,
  `permission_name` varchar(50) NOT NULL
) ENGINE=InnoDB DEFAULT CHARSET=utf8;

--
-- Dumping data for table `permission`
--

INSERT INTO `permission` (`id`, `permission_name`) VALUES
(0, 'SUPER ADMIN'),
(1, 'ADMIN'),
(2, 'STAFF');

-- --------------------------------------------------------

--
-- Table structure for table `process_manager`
--

CREATE TABLE `process_manager` (
  `pm_id` int(4) NOT NULL,
  `tp_id` int(4) NOT NULL,
  `tp_name` varchar(200) NOT NULL
) ENGINE=InnoDB DEFAULT CHARSET=utf8;

-- --------------------------------------------------------

--
-- Table structure for table `process_starter`
--

CREATE TABLE `process_starter` (
  `ps_id` int(4) NOT NULL,
  `tp_id` int(4) NOT NULL,
  `tp_name` varchar(100) NOT NULL
) ENGINE=InnoDB DEFAULT CHARSET=utf8;

-- --------------------------------------------------------

--
-- Table structure for table `production_type`
--

CREATE TABLE `production_type` (
  `pt_id` int(1) NOT NULL,
  `production_type_name` varchar(50) NOT NULL
) ENGINE=InnoDB DEFAULT CHARSET=utf8;

--
-- Dumping data for table `production_type`
--

INSERT INTO `production_type` (`pt_id`, `production_type_name`) VALUES
(1, 'Pre Production'),
(2, 'Production'),
(3, 'Post Production');

-- --------------------------------------------------------

--
-- Table structure for table `project`
--

CREATE TABLE `project` (
  `pj_id` int(3) NOT NULL,
  `tp_id` int(3) NOT NULL,
  `pj_process_title` varchar(50) NOT NULL,
  `pj_instructions` varchar(100) NOT NULL,
  `pj_customner` varchar(100) NOT NULL,
  `pj_process_start` datetime NOT NULL,
  `pj_process_deadline` datetime NOT NULL,
  `pj_dayofwork` varchar(50) NOT NULL,
  `color` varchar(10) NOT NULL,
  `pj_user_ceate` int(3) NOT NULL,
  `pj_complete` int(3) NOT NULL,
  `pj_status` varchar(1) NOT NULL
) ENGINE=InnoDB DEFAULT CHARSET=utf8;

--
-- Dumping data for table `project`
--

INSERT INTO `project` (`pj_id`, `tp_id`, `pj_process_title`, `pj_instructions`, `pj_customner`, `pj_process_start`, `pj_process_deadline`, `pj_dayofwork`, `color`, `pj_user_ceate`, `pj_complete`, `pj_status`) VALUES
(75, 0, ' ทดสอบ diffdate', '0', 'tyl co.ltd', '2019-09-25 00:00:00', '2019-09-25 00:00:00', '0', '#000000', 7, 0, 'N'),
(76, 0, 'ไทยประกันชีวิต รางวัลแห่งความสำเร็จ', '0', 'บริษัทไทยประกันชีวิต', '2019-07-23 00:00:00', '2019-09-18 00:00:00', '57', '#000000', 7, 0, 'N'),
(77, 0, 'หห', '0', 'หหห', '2019-09-04 00:00:00', '2019-09-28 00:00:00', '24', '0', 7, 0, 'N');

-- --------------------------------------------------------

--
-- Table structure for table `project_assign_user`
--

CREATE TABLE `project_assign_user` (
  `pau_id` int(3) NOT NULL,
  `pjt_id` int(3) NOT NULL,
  `acc_id` int(3) NOT NULL,
  `pau_reply` int(1) NOT NULL,
  `pau_status` varchar(1) NOT NULL
) ENGINE=InnoDB DEFAULT CHARSET=utf8;

--
-- Dumping data for table `project_assign_user`
--

INSERT INTO `project_assign_user` (`pau_id`, `pjt_id`, `acc_id`, `pau_reply`, `pau_status`) VALUES
(69, 244, 13, 1, 'D'),
(70, 248, 13, 1, 'N'),
(71, 245, 13, 0, 'N'),
(72, 244, 5, 0, 'D'),
(73, 244, 13, 0, 'D'),
(74, 244, 5, 0, 'N'),
(75, 244, 12, 0, 'N'),
(76, 244, 13, 0, 'N');

-- --------------------------------------------------------

--
-- Table structure for table `project_main_assign_user`
--

CREATE TABLE `project_main_assign_user` (
  `pmau_id` int(3) NOT NULL,
  `pj_id` int(3) NOT NULL,
  `acc_id` int(3) NOT NULL,
  `pmau_status` varchar(1) NOT NULL
) ENGINE=InnoDB DEFAULT CHARSET=utf8;

--
-- Dumping data for table `project_main_assign_user`
--

INSERT INTO `project_main_assign_user` (`pmau_id`, `pj_id`, `acc_id`, `pmau_status`) VALUES
(63, 75, 1, 'D'),
(64, 75, 2, 'D'),
(65, 75, 5, 'D'),
(66, 75, 1, 'D'),
(67, 75, 2, 'D'),
(68, 75, 5, 'D'),
(69, 75, 1, 'D'),
(70, 75, 2, 'D'),
(71, 75, 5, 'D'),
(72, 75, 1, 'D'),
(73, 75, 2, 'D'),
(74, 75, 5, 'D'),
(75, 75, 1, 'D'),
(76, 75, 2, 'D'),
(77, 75, 5, 'D'),
(78, 75, 1, 'D'),
(79, 75, 2, 'D'),
(80, 75, 5, 'D'),
(81, 75, 1, 'D'),
(82, 75, 2, 'D'),
(83, 75, 5, 'D'),
(84, 75, 1, 'D'),
(85, 75, 2, 'D'),
(86, 75, 5, 'D'),
(87, 75, 1, 'D'),
(88, 75, 2, 'D'),
(89, 75, 5, 'D'),
(90, 75, 13, 'D'),
(91, 76, 13, 'N'),
(92, 75, 1, 'N'),
(93, 75, 2, 'N'),
(94, 75, 5, 'N'),
(95, 75, 12, 'N'),
(96, 75, 13, 'N');

-- --------------------------------------------------------

--
-- Table structure for table `project_task`
--

CREATE TABLE `project_task` (
  `pjt_id` int(3) NOT NULL,
  `pj_id` int(3) NOT NULL,
  `pt_id` int(1) NOT NULL,
  `tdf_id` int(3) NOT NULL,
  `pjt_title` varchar(50) NOT NULL,
  `pjt_description` varchar(200) NOT NULL,
  `pjt_colorstatus` varchar(10) NOT NULL,
  `pjt_complete` int(3) NOT NULL,
  `pjt_starteddate` datetime NOT NULL,
  `pjt_duedate` datetime NOT NULL,
  `pjt_dayofwork` varchar(50) NOT NULL,
  `pjt_status` varchar(1) NOT NULL
) ENGINE=InnoDB DEFAULT CHARSET=utf8;

--
-- Dumping data for table `project_task`
--

INSERT INTO `project_task` (`pjt_id`, `pj_id`, `pt_id`, `tdf_id`, `pjt_title`, `pjt_description`, `pjt_colorstatus`, `pjt_complete`, `pjt_starteddate`, `pjt_duedate`, `pjt_dayofwork`, `pjt_status`) VALUES
(244, 75, 1, 1, 'Casting Talent', 'ใหม่ดาวิกา , จอห์นวิญญู , ดาวขำมิน', '#ffdd00', 1, '2019-09-25 00:00:00', '2019-09-30 00:00:00', '5', 'N'),
(245, 75, 1, 4, 'Storyboard', 'หหห', '#f75f5f', 0, '2019-09-25 00:00:00', '2019-09-25 00:00:00', '0', 'N'),
(246, 75, 2, 8, 'Director', 'หกหก', '#f75f5f', 0, '2019-09-25 00:00:00', '2019-09-25 00:00:00', '0', 'N'),
(247, 75, 3, 13, 'Editing', 'asd', '#f75f5f', 0, '2019-09-25 00:00:00', '2019-10-11 00:00:00', '16', 'N'),
(248, 76, 1, 5, 'Script', 'ฟฟฟฟ', '#ffdd00', 1, '2019-07-23 00:00:00', '2019-08-29 00:00:00', '37', 'N'),
(249, 76, 2, 6, 'Camera operator', 'ดกด', '#f75f5f', 0, '2019-07-23 00:00:00', '2019-08-31 00:00:00', '39', 'N'),
(250, 76, 2, 8, 'Director', 'ดกหดหก', '#f75f5f', 0, '2019-07-23 00:00:00', '2019-09-09 00:00:00', '48', 'N'),
(251, 76, 2, 9, 'Assistance Director', 'กดหหกด', '#f75f5f', 0, '2019-07-23 00:00:00', '2019-09-20 00:00:00', '59', 'N'),
(252, 76, 2, 10, 'producer', 'กดกดกด', '#f75f5f', 0, '2019-07-23 00:00:00', '2019-08-22 00:00:00', '30', 'N'),
(253, 76, 2, 11, 'staff', 'กดกดหก', '#f75f5f', 0, '2019-07-23 00:00:00', '2019-09-26 00:00:00', '65', 'N'),
(254, 76, 2, 12, 'Gear', 'กหดหกด', '#f75f5f', 0, '2019-07-23 00:00:00', '2019-10-10 00:00:00', '79', 'N'),
(255, 77, 1, 2, 'Location Survey Cost', 'แแแ', '#f75f5f', 0, '2019-09-04 00:00:00', '2019-09-12 00:00:00', '8', 'N'),
(256, 77, 1, 4, 'Storyboard', 'กกก', '#f75f5f', 0, '2019-09-04 00:00:00', '2019-10-12 00:00:00', '38', 'N');

-- --------------------------------------------------------

--
-- Table structure for table `task`
--

CREATE TABLE `task` (
  `task_id` int(11) NOT NULL,
  `tp_id` int(4) NOT NULL,
  `task_title` varchar(200) NOT NULL,
  `task_description` varchar(200) NOT NULL,
  `task_status` varchar(1) NOT NULL
) ENGINE=InnoDB DEFAULT CHARSET=utf8;

--
-- Dumping data for table `task`
--

INSERT INTO `task` (`task_id`, `tp_id`, `task_title`, `task_description`, `task_status`) VALUES
(251, 120, 'meetting requiement', 'talk to requiement of project in my team', 'N'),
(252, 120, 'create for flow diagram', 'create flow diagram to assign project for responsible person', 'N'),
(253, 120, 'dev frontend project', 'dev frontend project', 'N'),
(254, 120, 'dev backend project', 'dev backend project', 'N'),
(255, 120, 'Assemble Code', 'frontend + backend', 'N'),
(256, 120, 'tester', 'tester find bug ', 'N'),
(257, 120, 'upload to publish', 'upload to publish', 'N'),
(258, 121, 'Pre-Production', 'Pre-Production', 'N'),
(259, 121, 'Production', 'Production', 'N'),
(260, 121, 'Post-Production', 'Post-Production', 'N'),
(294, 159, 'dsfsdfds', 'sdfsdfsd', 'N'),
(295, 160, 'ddddddddddddddddd', 'ddddddddddd', 'N'),
(296, 161, 'aa', '', 'N'),
(297, 161, 'bb', 'aa', 'N');

-- --------------------------------------------------------

--
-- Table structure for table `task_detail_fixed`
--

CREATE TABLE `task_detail_fixed` (
  `tdf_id` int(3) NOT NULL,
  `pt_id` int(1) NOT NULL,
  `tdf_name` varchar(100) NOT NULL,
  `tdf_element` varchar(100) NOT NULL
) ENGINE=InnoDB DEFAULT CHARSET=utf8;

--
-- Dumping data for table `task_detail_fixed`
--

INSERT INTO `task_detail_fixed` (`tdf_id`, `pt_id`, `tdf_name`, `tdf_element`) VALUES
(1, 1, 'Casting Talent', 'Casting_Talent'),
(2, 1, 'Location Survey Cost', 'Location_Survey_Cost'),
(3, 1, 'Storyline writing', 'Storyline_writing'),
(4, 1, 'Storyboard', 'Storyboard'),
(5, 1, 'Script', 'Script'),
(6, 2, 'Camera operator', 'Camera_operator'),
(7, 2, 'Assistance camera operator', 'Assistance_camera_operator'),
(8, 2, 'Director', 'Director'),
(9, 2, 'Assistance Director', 'Assistance_Director'),
(10, 2, 'producer', 'producer'),
(11, 2, 'staff', 'staff'),
(12, 2, 'Gear', 'Gear'),
(13, 3, 'Editing', 'Editing'),
(14, 3, 'Text Info', 'Text_Info'),
(15, 3, 'Song', 'Song'),
(23, 1, 'a', 'a'),
(24, 2, 'sadsadsad', 'sadsadsad');

-- --------------------------------------------------------

--
-- Table structure for table `template`
--

CREATE TABLE `template` (
  `tp_id` int(4) NOT NULL,
  `tp_name` varchar(100) NOT NULL,
  `tp_title` varchar(100) NOT NULL,
  `tp_instruc` text NOT NULL,
  `tp_description` varchar(200) NOT NULL,
  `tp_user_create` int(4) NOT NULL,
  `tp_datecreate` datetime NOT NULL,
  `tp_status` varchar(3) NOT NULL
) ENGINE=InnoDB DEFAULT CHARSET=utf8;

--
-- Dumping data for table `template`
--

INSERT INTO `template` (`tp_id`, `tp_name`, `tp_title`, `tp_instruc`, `tp_description`, `tp_user_create`, `tp_datecreate`, `tp_status`) VALUES
(120, 'for programmer', 'Flow working for Programmer', 'list flow work for developer project in storyboard.co.th', 'exam for programmer', 7, '2019-08-06 11:38:25', 'N'),
(121, 'for production', 'for production video', 'Before the production of short films Manufacturers need to take into account things such as production planning. Production preparation The use of materials and equipment in production And production evaluation', 'for production', 7, '2019-08-06 11:41:51', 'N'),
(159, 'sdfdsfsdf', 'sdfdsfsd', 'fsdfsdf', 'sdfdsfds', 7, '2019-08-09 17:25:58', 'N'),
(160, 'dsfsdfsdf', 'sdfsdfds', 'fsdfsdfs', 'sdfdsfdsfds', 7, '2019-08-09 17:27:18', 'N'),
(161, 'dddd', 'dddd', 'dddd', 'dddd', 7, '2019-08-09 17:27:46', 'N');

-- --------------------------------------------------------

--
-- Table structure for table `template_editors`
--

CREATE TABLE `template_editors` (
  `te_id` int(4) NOT NULL,
  `tp_id` int(4) NOT NULL,
  `acc_id` int(4) NOT NULL,
  `te_status` varchar(1) NOT NULL
) ENGINE=InnoDB DEFAULT CHARSET=utf8;

--
-- Dumping data for table `template_editors`
--

INSERT INTO `template_editors` (`te_id`, `tp_id`, `acc_id`, `te_status`) VALUES
(122, 120, 1, 'D'),
(123, 120, 2, 'D'),
(124, 121, 1, 'D'),
(125, 121, 5, 'D'),
(126, 122, 2, 'N'),
(127, 123, 2, 'N'),
(128, 124, 5, 'N'),
(129, 124, 7, 'N'),
(130, 120, 1, 'D'),
(131, 120, 2, 'D'),
(132, 120, 1, 'D'),
(133, 120, 2, 'D'),
(134, 120, 1, 'D'),
(135, 120, 2, 'D'),
(136, 120, 1, 'D'),
(137, 120, 2, 'D'),
(138, 120, 1, 'D'),
(139, 120, 2, 'D'),
(140, 120, 1, 'D'),
(141, 120, 2, 'D'),
(142, 125, 2, 'D'),
(143, 120, 1, 'N'),
(144, 120, 2, 'N'),
(145, 125, 2, 'D'),
(146, 125, 2, 'D'),
(147, 121, 1, 'D'),
(148, 121, 5, 'D'),
(149, 121, 1, 'D'),
(150, 121, 5, 'D'),
(151, 121, 1, 'N'),
(152, 121, 5, 'N'),
(153, 125, 2, 'N'),
(154, 127, 2, 'N'),
(155, 127, 6, 'N'),
(156, 130, 2, 'N'),
(157, 131, 2, 'N'),
(158, 132, 2, 'N'),
(159, 133, 5, 'N'),
(160, 134, 2, 'N'),
(161, 135, 6, 'N'),
(162, 136, 6, 'N'),
(163, 137, 2, 'N'),
(164, 138, 2, 'N'),
(165, 139, 2, 'N'),
(166, 140, 2, 'N'),
(167, 141, 2, 'N'),
(168, 142, 5, 'N'),
(169, 143, 5, 'N'),
(170, 144, 5, 'N'),
(171, 145, 5, 'N'),
(172, 146, 6, 'N'),
(173, 147, 5, 'N'),
(174, 148, 5, 'N'),
(175, 149, 5, 'N'),
(176, 150, 5, 'N'),
(177, 151, 5, 'N'),
(178, 152, 2, 'N'),
(179, 153, 2, 'N'),
(180, 154, 5, 'N'),
(181, 154, 6, 'N'),
(182, 155, 5, 'N'),
(183, 155, 6, 'N'),
(184, 156, 6, 'N'),
(185, 157, 2, 'N'),
(186, 158, 2, 'N'),
(187, 158, 5, 'N'),
(188, 159, 2, 'N'),
(189, 160, 6, 'N'),
(190, 161, 1, 'N');

-- --------------------------------------------------------

--
-- Stand-in structure for view `vw_account`
-- (See below for the actual view)
--
CREATE TABLE `vw_account` (
`acc_permission` int(11)
,`permission_name` varchar(50)
,`acc_id` int(4)
,`acc_username` varchar(200)
,`acc_email` varchar(200)
,`acc_name` varchar(200)
,`acc_lastname` varchar(50)
,`acc_status` int(3)
,`acc_img` varchar(200)
);

-- --------------------------------------------------------

--
-- Stand-in structure for view `vw_assign_taskname`
-- (See below for the actual view)
--
CREATE TABLE `vw_assign_taskname` (
`acc_id` int(3)
,`pjt_id` int(3)
,`pjt_title` varchar(50)
,`pjt_starteddate` datetime
,`pjt_duedate` datetime
,`pjt_status` varchar(1)
,`pj_id` int(3)
,`color` varchar(10)
,`pau_status` varchar(1)
);

-- --------------------------------------------------------

--
-- Stand-in structure for view `vw_for_search`
-- (See below for the actual view)
--
CREATE TABLE `vw_for_search` (
`pj_id` int(3)
,`pjt_id` int(3)
,`pj_process_title` varchar(50)
,`pjt_title` varchar(50)
,`pj_status` varchar(1)
,`pj_complete` int(3)
,`pjt_complete` int(3)
,`acc_id` int(3)
,`pau_status` varchar(1)
,`pjt_starteddate` datetime
,`pjt_duedate` datetime
);

-- --------------------------------------------------------

--
-- Stand-in structure for view `vw_project`
-- (See below for the actual view)
--
CREATE TABLE `vw_project` (
`acc_id` int(4)
,`acc_name` varchar(200)
,`acc_lastname` varchar(50)
,`pjt_id` int(3)
,`pj_id` int(3)
,`pau_status` varchar(1)
);

-- --------------------------------------------------------

--
-- Structure for view `vw_account`
--
DROP TABLE IF EXISTS `vw_account`;

CREATE ALGORITHM=UNDEFINED DEFINER=`root`@`localhost` SQL SECURITY DEFINER VIEW `vw_account`  AS  select `account`.`acc_permission` AS `acc_permission`,`permission`.`permission_name` AS `permission_name`,`account`.`acc_id` AS `acc_id`,`account`.`acc_username` AS `acc_username`,`account`.`acc_email` AS `acc_email`,`account`.`acc_name` AS `acc_name`,`account`.`acc_lastname` AS `acc_lastname`,`account`.`acc_status` AS `acc_status`,`account`.`acc_img` AS `acc_img` from (`account` left join `permission` on(`permission`.`id` = `account`.`acc_permission`)) ;

-- --------------------------------------------------------

--
-- Structure for view `vw_assign_taskname`
--
DROP TABLE IF EXISTS `vw_assign_taskname`;

CREATE ALGORITHM=UNDEFINED DEFINER=`root`@`localhost` SQL SECURITY DEFINER VIEW `vw_assign_taskname`  AS  select `project_assign_user`.`acc_id` AS `acc_id`,`project_assign_user`.`pjt_id` AS `pjt_id`,`project_task`.`pjt_title` AS `pjt_title`,`project_task`.`pjt_starteddate` AS `pjt_starteddate`,`project_task`.`pjt_duedate` AS `pjt_duedate`,`project_task`.`pjt_status` AS `pjt_status`,`project`.`pj_id` AS `pj_id`,`project`.`color` AS `color`,`project_assign_user`.`pau_status` AS `pau_status` from ((`project_assign_user` left join `project_task` on(`project_task`.`pjt_id` = `project_assign_user`.`pjt_id`)) left join `project` on(`project_task`.`pj_id` = `project`.`pj_id`)) ;

-- --------------------------------------------------------

--
-- Structure for view `vw_for_search`
--
DROP TABLE IF EXISTS `vw_for_search`;

CREATE ALGORITHM=UNDEFINED DEFINER=`root`@`localhost` SQL SECURITY DEFINER VIEW `vw_for_search`  AS  select `project`.`pj_id` AS `pj_id`,`project_task`.`pjt_id` AS `pjt_id`,`project`.`pj_process_title` AS `pj_process_title`,`project_task`.`pjt_title` AS `pjt_title`,`project`.`pj_status` AS `pj_status`,`project`.`pj_complete` AS `pj_complete`,`project_task`.`pjt_complete` AS `pjt_complete`,`project_assign_user`.`acc_id` AS `acc_id`,`project_assign_user`.`pau_status` AS `pau_status`,`project_task`.`pjt_starteddate` AS `pjt_starteddate`,`project_task`.`pjt_duedate` AS `pjt_duedate` from (((`project` left join `project_task` on(`project_task`.`pj_id` = `project`.`pj_id`)) left join `project_assign_user` on(`project_assign_user`.`pjt_id` = `project_task`.`pjt_id`)) left join `account` on(`account`.`acc_id` = `project_assign_user`.`acc_id`)) ;

-- --------------------------------------------------------

--
-- Structure for view `vw_project`
--
DROP TABLE IF EXISTS `vw_project`;

CREATE ALGORITHM=UNDEFINED DEFINER=`root`@`localhost` SQL SECURITY DEFINER VIEW `vw_project`  AS  select `account`.`acc_id` AS `acc_id`,`account`.`acc_name` AS `acc_name`,`account`.`acc_lastname` AS `acc_lastname`,`project_assign_user`.`pjt_id` AS `pjt_id`,`project_task`.`pj_id` AS `pj_id`,`project_assign_user`.`pau_status` AS `pau_status` from (((`account` left join `project_assign_user` on(`project_assign_user`.`acc_id` = `account`.`acc_id`)) left join `project_task` on(`project_assign_user`.`pjt_id` = `project_task`.`pjt_id`)) left join `project` on(`project_task`.`pj_id` = `project`.`pj_id`)) ;

--
-- Indexes for dumped tables
--

--
-- Indexes for table `account`
--
ALTER TABLE `account`
  ADD PRIMARY KEY (`acc_id`);

--
-- Indexes for table `board_comments`
--
ALTER TABLE `board_comments`
  ADD PRIMARY KEY (`bc_id`);

--
-- Indexes for table `logfile`
--
ALTER TABLE `logfile`
  ADD PRIMARY KEY (`logfile_id`);

--
-- Indexes for table `permission`
--
ALTER TABLE `permission`
  ADD PRIMARY KEY (`id`);

--
-- Indexes for table `process_manager`
--
ALTER TABLE `process_manager`
  ADD PRIMARY KEY (`pm_id`);

--
-- Indexes for table `process_starter`
--
ALTER TABLE `process_starter`
  ADD PRIMARY KEY (`ps_id`);

--
-- Indexes for table `production_type`
--
ALTER TABLE `production_type`
  ADD PRIMARY KEY (`pt_id`);

--
-- Indexes for table `project`
--
ALTER TABLE `project`
  ADD PRIMARY KEY (`pj_id`);

--
-- Indexes for table `project_assign_user`
--
ALTER TABLE `project_assign_user`
  ADD PRIMARY KEY (`pau_id`);

--
-- Indexes for table `project_main_assign_user`
--
ALTER TABLE `project_main_assign_user`
  ADD PRIMARY KEY (`pmau_id`);

--
-- Indexes for table `project_task`
--
ALTER TABLE `project_task`
  ADD PRIMARY KEY (`pjt_id`);

--
-- Indexes for table `task`
--
ALTER TABLE `task`
  ADD PRIMARY KEY (`task_id`);

--
-- Indexes for table `task_detail_fixed`
--
ALTER TABLE `task_detail_fixed`
  ADD PRIMARY KEY (`tdf_id`);

--
-- Indexes for table `template`
--
ALTER TABLE `template`
  ADD PRIMARY KEY (`tp_id`);

--
-- Indexes for table `template_editors`
--
ALTER TABLE `template_editors`
  ADD PRIMARY KEY (`te_id`);

--
-- AUTO_INCREMENT for dumped tables
--

--
-- AUTO_INCREMENT for table `account`
--
ALTER TABLE `account`
  MODIFY `acc_id` int(4) NOT NULL AUTO_INCREMENT, AUTO_INCREMENT=14;

--
-- AUTO_INCREMENT for table `board_comments`
--
ALTER TABLE `board_comments`
  MODIFY `bc_id` int(3) NOT NULL AUTO_INCREMENT, AUTO_INCREMENT=70;

--
-- AUTO_INCREMENT for table `logfile`
--
ALTER TABLE `logfile`
  MODIFY `logfile_id` int(3) NOT NULL AUTO_INCREMENT, AUTO_INCREMENT=375;

--
-- AUTO_INCREMENT for table `permission`
--
ALTER TABLE `permission`
  MODIFY `id` int(3) NOT NULL AUTO_INCREMENT, AUTO_INCREMENT=4;

--
-- AUTO_INCREMENT for table `process_manager`
--
ALTER TABLE `process_manager`
  MODIFY `pm_id` int(4) NOT NULL AUTO_INCREMENT, AUTO_INCREMENT=5;

--
-- AUTO_INCREMENT for table `process_starter`
--
ALTER TABLE `process_starter`
  MODIFY `ps_id` int(4) NOT NULL AUTO_INCREMENT;

--
-- AUTO_INCREMENT for table `production_type`
--
ALTER TABLE `production_type`
  MODIFY `pt_id` int(1) NOT NULL AUTO_INCREMENT, AUTO_INCREMENT=4;

--
-- AUTO_INCREMENT for table `project`
--
ALTER TABLE `project`
  MODIFY `pj_id` int(3) NOT NULL AUTO_INCREMENT, AUTO_INCREMENT=78;

--
-- AUTO_INCREMENT for table `project_assign_user`
--
ALTER TABLE `project_assign_user`
  MODIFY `pau_id` int(3) NOT NULL AUTO_INCREMENT, AUTO_INCREMENT=77;

--
-- AUTO_INCREMENT for table `project_main_assign_user`
--
ALTER TABLE `project_main_assign_user`
  MODIFY `pmau_id` int(3) NOT NULL AUTO_INCREMENT, AUTO_INCREMENT=97;

--
-- AUTO_INCREMENT for table `project_task`
--
ALTER TABLE `project_task`
  MODIFY `pjt_id` int(3) NOT NULL AUTO_INCREMENT, AUTO_INCREMENT=257;

--
-- AUTO_INCREMENT for table `task`
--
ALTER TABLE `task`
  MODIFY `task_id` int(11) NOT NULL AUTO_INCREMENT, AUTO_INCREMENT=298;

--
-- AUTO_INCREMENT for table `task_detail_fixed`
--
ALTER TABLE `task_detail_fixed`
  MODIFY `tdf_id` int(3) NOT NULL AUTO_INCREMENT, AUTO_INCREMENT=27;

--
-- AUTO_INCREMENT for table `template`
--
ALTER TABLE `template`
  MODIFY `tp_id` int(4) NOT NULL AUTO_INCREMENT, AUTO_INCREMENT=162;

--
-- AUTO_INCREMENT for table `template_editors`
--
ALTER TABLE `template_editors`
  MODIFY `te_id` int(4) NOT NULL AUTO_INCREMENT, AUTO_INCREMENT=191;
COMMIT;

/*!40101 SET CHARACTER_SET_CLIENT=@OLD_CHARACTER_SET_CLIENT */;
/*!40101 SET CHARACTER_SET_RESULTS=@OLD_CHARACTER_SET_RESULTS */;
/*!40101 SET COLLATION_CONNECTION=@OLD_COLLATION_CONNECTION */;
